{"cameraMode":{"drawMode":0,"name":"Shaded","section":"Shading Mode"},"sceneLighting":true,"audioPlay":false,"sceneViewState":{"m_AlwaysRefresh":false,"showFog":true,"showSkybox":true,"showFlares":true,"showImageEffects":true,"showParticleSystems":true,"showVisualEffectGraphs":true,"m_FxEnabled":true},"in2DMode":false,"pivot":{"x":1.6000001430511475,"y":-1.8099708557128907,"z":5.430000305175781},"rotation":{"x":-0.036696162074804309,"y":0.9633035063743591,"z":-0.18757054209709168,"w":-0.18846000730991364},"size":12.12435531616211,"orthographic":false}