{"cameraMode":{"drawMode":0,"name":"Shaded","section":"Shading Mode"},"sceneLighting":true,"audioPlay":false,"sceneViewState":{"m_AlwaysRefresh":false,"showFog":true,"showSkybox":true,"showFlares":true,"showImageEffects":true,"showParticleSystems":true,"showVisualEffectGraphs":true,"m_FxEnabled":true},"in2DMode":false,"pivot":{"x":10.307018280029297,"y":0.9032479524612427,"z":4.365841388702393},"rotation":{"x":-0.11539699137210846,"y":-0.5066652894020081,"z":-0.06867250055074692,"w":0.8516301512718201},"size":0.0024213327560573818,"orthographic":false}