{"cameraMode":{"drawMode":0,"name":"Shaded","section":"Shading Mode"},"sceneLighting":true,"audioPlay":false,"sceneViewState":{"m_AlwaysRefresh":false,"showFog":true,"showSkybox":true,"showFlares":true,"showImageEffects":true,"showParticleSystems":true,"showVisualEffectGraphs":true,"m_FxEnabled":true},"in2DMode":false,"pivot":{"x":15.149999618530274,"y":2.369999885559082,"z":7.690000057220459},"rotation":{"x":0.038783371448516849,"y":0.9053056240081787,"z":-0.41443464159965517,"w":0.0847102552652359},"size":14.300679206848145,"orthographic":false}